incident_state,incident_type,claims,fraud_claims,total_claim_amount,injury_claim,property_claim,vehicle_claim
NC,Multi-vehicle Collision,43,14,2530180,331100,385550,1813530
NC,Parked Car,10,2,51840,6860,7680,37300
NC,Single Vehicle Collision,43,16,2750740,369160,341740,2039840
NC,Vehicle Theft,14,2,88470,11730,14000,62740
NY,Multi-vehicle Collision,119,26,7383010,1091070,1016770,5275170
NY,Parked Car,16,0,84160,11150,12280,60730
NY,Single Vehicle Collision,112,31,7221630,972420,1016430,5232780
NY,Vehicle Theft,15,1,84970,12370,10570,62030
OH,Multi-vehicle Collision,12,6,706080,110190,97760,498130
OH,Other (small groups),11,4,438640,58200,52520,327920
PA,Multi-vehicle Collision,15,4,927760,123140,151430,653190
PA,Other (small groups),15,4,559390,83040,76440,399910
SC,Multi-vehicle Collision,103,37,6393210,890140,891510,4611560
SC,Parked Car,22,2,122030,16720,17550,87760
SC,Single Vehicle Collision,105,33,6925510,991090,1030760,4903660
SC,Vehicle Theft,18,1,97400,13920,12890,70590
VA,Multi-vehicle Collision,41,8,2485990,372580,317870,1795540
VA,Parked Car,11,1,52380,7240,7890,37250
VA,Single Vehicle Collision,44,14,2882210,411830,386680,2083700
VA,Vehicle Theft,14,2,79190,12100,11200,55890
WV,Multi-vehicle Collision,86,19,5399680,762100,782760,3854820
WV,Parked Car,20,1,103900,16420,13260,74220
WV,Single Vehicle Collision,83,17,5254440,741850,725150,3787440
WV,Vehicle Theft,28,2,139130,17000,18880,103250
