week_start,first_day,last_day,claims,total_amount,avg_amount
2014-12-29,2015-01-01,2015-01-04,60,3055500,50925.0
2015-01-05,2015-01-05,2015-01-11,121,6934100,57307.0
2015-01-12,2015-01-12,2015-01-18,123,6402520,52053.0
2015-01-19,2015-01-19,2015-01-25,121,6643520,54905.0
2015-01-26,2015-01-26,2015-02-01,109,5721850,52494.0
2015-02-02,2015-02-02,2015-02-08,128,6656940,52007.0
2015-02-09,2015-02-09,2015-02-15,103,5721470,55548.0
2015-02-16,2015-02-16,2015-02-22,120,5972560,49771.0
2015-02-23,2015-02-23,2015-03-01,115,5653480,49161.0
